{
    "process_features_model_1_pred_0": 4.858155727386475,
    "predict_and_compile_model_1_pred_0": 224.354585647583,
    "process_features_model_2_pred_0": 3.78045654296875,
    "predict_and_compile_model_2_pred_0": 201.8613395690918,
    "process_features_model_3_pred_0": 3.3124332427978516,
    "predict_and_compile_model_3_pred_0": 199.02243161201477,
    "process_features_model_4_pred_0": 3.346985101699829,
    "predict_and_compile_model_4_pred_0": 189.5717158317566,
    "process_features_model_5_pred_0": 3.348341464996338,
    "predict_and_compile_model_5_pred_0": 190.03004837036133
}